{
  "spark": {
    "sounds": [
      "spark"
    ],
    "category": "player"
  },
  "kisot": {
    "sounds": [
      "kisot"
    ],
    "category": "player"
  },
  "kiloop": {
    "sounds": [
      "kiloop"
    ],
    "category": "player"
  },
  "ssjoff": {
    "sounds": [
      "ssjoff1"
    ],
    "category": "player"
  },
  "ssjon": {
    "sounds": [
      "ssjon1"
    ],
    "category": "player"
  },
  "shazamoff": {
    "sounds": [
      "shazamoff1",
      "shazamoff2",
      "shazamoff3"
    ],
    "category": "player"
  },
  "jump": {
    "sounds": [
      "jump1",
      "jump2"
    ],
    "category": "player"
  },
  "injusticejump": {
    "sounds": [
      "jump1",
      "jump2",
      "injusticejump1"
    ],
    "category": "player"
  },
  "han": {
    "sounds": [
      "han"
    ],
    "category": "player"
  },
  "raidenon": {
    "sounds": [
      "raidenon1",
      "raidenon2",
      "raidenon3",
      "raidenon4",
      "raidenon5",
      "raidenon6",
      "raidenon7",
      "raidenon8",
      "raidenon9"
    ],
    "category": "player"
  },
  "raidenoff": {
    "sounds": [
      "raidenoff1"
    ],
    "category": "player"
  },
  "coldbreathh": {
    "sounds": [
      "coldbreath"
    ],
    "category": "player"
  },
  "finalflash": {
    "sounds": [
      "finalflash"
    ],
    "category": "player"
  },
  "baton": {
    "sounds": [
      "baton1",
      "baton2",
      "baton3",
      "baton4",
      "baton5",
      "baton6",
      "baton7",
      "baton8",
      "baton9"
    ],
    "category": "player"
  },
  "batoff": {
    "sounds": [
      "batoff1",
      "batoff2",
      "batoff3",
      "batoff4",
      "batoff5"
    ],
    "category": "player"
  },
  "ringonn": {
    "sounds": [
      "ringon1",
      "ringon2",
      "ringon3",
      "ringon4",
      "ringon5",
      "ringon6",
      "ringon7",
      "ringon8",
      "ringon9",
      "ringon10",
      "ringon11",
      "ringon12",
      "ringon13"
    ],
    "category": "player"
  },
  "ringofff": {
    "sounds": [
      "ringoff1",
      "ringoff2",
      "ringoff3",
      "ringoff4",
      "ringoff5",
      "ringoff6",
      "ringoff7"
    ],
    "category": "player"
  },
  "injusticeon": {
    "sounds": [
      "suit1",
      "suit2",
      "suit3",
      "suit4",
      "suit5",
      "suit6",
      "suit7",
      "suit8",
      "suit9",
      "suit10",
      "suit11",
      "suit12",
      "suit13",
      "suit14"
    ],
    "category": "player"
  },
  "yringonn": {
    "sounds": [
      "ringon111",
      "ringon2",
      "ringon3",
      "ringon4",
      "ringon55",
      "ringon66",
      "ringon77",
      "ringon8",
      "ringon99",
      "ringon10",
      "ringon11",
      "ringon12",
      "ringon13"
    ],
    "category": "player"
  },
  "yringofff": {
    "sounds": [
      "ringoff11",
      "ringoff22",
      "ringoff3",
      "ringoff44",
      "ringoff55",
      "ringoff6",
      "ringoff7"
    ],
    "category": "player"
  },
  "injusticeoff": {
    "sounds": [
      "off1",
      "off2",
      "off3",
      "off4",
      "off5",
      "off6",
      "off7",
      "off8"
    ],
    "category": "player"
  }
}